	library_id	project_id	sample_id	BioprojectID	PubmedID	project_name	creation_date	seq_platform	sequence_count	basepairs_count	sample_latitude	sample_longitude	sample_depth	sample_pH	sample_temp	sample_salinity	sample_location_country	sample_location_ocean_sea	collection_date	MarMDB_biome	MarMDB_material	MarMDB_geographic_feature	MarMDB_anthropogenic_material	MarMDB_organic_material	MarMDB_other_material	MarMDB_rock_type	MarMDB_sediment	MarMDB_constructed_structures	MarMDB_water_location	MarMDB_water_type	MarMDB_anthropogenic_phenomenon	MarMDB_marine_ecosystem	MarMDB_marine_water_body	MarMDB_oceanic_zone	MarMDB_oceanographic_phenomena	MarMDB_host_name	quality_above_30_SRA	mean_quality_SRA	drisee_score_raw_MGRAST	source_database	average_length	assembled
391	DRR131204	DRX123942	DRS062998	472481		Eelgrass sediment microbiome for nitrogen cycle and vitamin B12	5/28/18	ILLUMINA	713010	178697730	43.055	144.89	0.02	7.5	19.6			Pacific Ocean	7/28/15								sediment										95	36.69		SRA	251	No
392	DRR131205	DRX123943	DRS062999	472481		Eelgrass sediment microbiome for nitrogen cycle and vitamin B12	5/28/18	ILLUMINA	892175	210685874	43.055	144.89	0.02	7.5	19.6			Pacific Ocean	7/28/15								sediment										96	36.81		SRA	236	No
393	DRR131206	DRX123944	DRS063000	472481		Eelgrass sediment microbiome for nitrogen cycle and vitamin B12	5/28/18	ILLUMINA	1209302	275099081	43.055	144.89	0.02	7.5	19.6			Pacific Ocean	7/28/15								sediment										95	36.6		SRA	227	No
394	DRR131207	DRX123945	DRS063001	472481		Eelgrass sediment microbiome for nitrogen cycle and vitamin B12	5/28/18	ILLUMINA	775869	186785108	43.055	144.89	0.02	7.5	19.6			Pacific Ocean	7/28/15								sediment										97	37.27		SRA	241	No
395	DRR131208	DRX123946	DRS063002	472481		Eelgrass sediment microbiome for nitrogen cycle and vitamin B12	5/28/18	ILLUMINA	795677	191946875	43.055	144.89	0.02	7.5	19.6			Pacific Ocean	7/28/15								sediment										97	37.26		SRA	241	No
396	DRR131209	DRX123947	DRS063003	472481		Eelgrass sediment microbiome for nitrogen cycle and vitamin B12	5/28/18	ILLUMINA	543330	139822113	43.055	144.89	0.02	7.5	19.6			Pacific Ocean	7/28/15								sediment										97	37.16		SRA	257	No
397	DRR131210	DRX123948	DRS063004	472481		Eelgrass sediment microbiome for nitrogen cycle and vitamin B12	5/28/18	ILLUMINA	524442	146629847	43.055	144.89	0.02	7.5	19.6			Pacific Ocean	7/28/15								sediment										96	36.85		SRA	280	No
398	DRR131211	DRX123949	DRS063005	472481		Eelgrass sediment microbiome for nitrogen cycle and vitamin B12	5/28/18	ILLUMINA	281537	72553186	43.055	144.89	0.02	7.5	19.6			Pacific Ocean	7/28/15								sediment										95	36.81		SRA	258	No
399	DRR131212	DRX123950	DRS063006	472481		Eelgrass sediment microbiome for nitrogen cycle and vitamin B12	5/28/18	ILLUMINA	244644	63252217	43.055	144.89	0.02	7.5	19.6			Pacific Ocean	7/28/15								sediment										95	36.64		SRA	259	No
400	DRR131213	DRX123951	DRS063007	472481		Eelgrass sediment microbiome for nitrogen cycle and vitamin B12	5/28/18	ILLUMINA	1240600	281817356	43.055	144.89	0.02	7.5	19.6			Pacific Ocean	7/28/15								sediment										97	37.22		SRA	227	No
401	DRR131214	DRX123952	DRS063008	472481		Eelgrass sediment microbiome for nitrogen cycle and vitamin B12	5/28/18	ILLUMINA	683876	163352229	43.055	144.89	0.02	7.5	19.6			Pacific Ocean	7/28/15								sediment										97	37.15		SRA	239	No
402	DRR131215	DRX123953	DRS063009	472481		Eelgrass sediment microbiome for nitrogen cycle and vitamin B12	5/28/18	ILLUMINA	1124723	260052080	43.055	144.89	0.02	7.5	19.6			Pacific Ocean	7/28/15								sediment										96	37.02		SRA	231	No
403	DRR131216	DRX123954	DRS063010	472481		Eelgrass sediment microbiome for nitrogen cycle and vitamin B12	5/28/18	ILLUMINA	3175360	741029945	43.065	144.86	0.02	7.6	18.2			Pacific Ocean	7/28/15								sediment										96	36.98		SRA	233	No
404	DRR131217	DRX123955	DRS063011	472481		Eelgrass sediment microbiome for nitrogen cycle and vitamin B12	5/28/18	ILLUMINA	2224732	541160090	43.065	144.86	0.02	7.6	18.2			Pacific Ocean	7/28/15								sediment										96	37.02		SRA	243	No
405	DRR131218	DRX123956	DRS063012	472481		Eelgrass sediment microbiome for nitrogen cycle and vitamin B12	5/28/18	ILLUMINA	1645638	397647580	43.065	144.86	0.02	7.6	18.2			Pacific Ocean	7/28/15								sediment										96	36.87		SRA	242	No
406	DRR131219	DRX123957	DRS063013	472481		Eelgrass sediment microbiome for nitrogen cycle and vitamin B12	5/28/18	ILLUMINA	2449734	590119675	43.065	144.86	0.02	7.6	18.2			Pacific Ocean	7/28/15								sediment										96	36.81		SRA	241	No
407	DRR131220	DRX123958	DRS063014	472481		Eelgrass sediment microbiome for nitrogen cycle and vitamin B12	5/28/18	ILLUMINA	2900009	695243276	43.065	144.86	0.02	7.6	18.2			Pacific Ocean	7/28/15								sediment										96	37.04		SRA	240	No
408	DRR131221	DRX123959	DRS063015	472481		Eelgrass sediment microbiome for nitrogen cycle and vitamin B12	5/28/18	ILLUMINA	2559658	585260890	43.065	144.86	0.02	7.6	18.2			Pacific Ocean	7/28/15								sediment										96	36.98		SRA	229	No
409	DRR131222	DRX123960	DRS063016	472481		Eelgrass sediment microbiome for nitrogen cycle and vitamin B12	5/28/18	ILLUMINA	932448	230832899	43.065	144.86	0.02	7.6	18.2			Pacific Ocean	7/28/15								sediment										96	36.96		SRA	248	No
410	DRR131223	DRX123961	DRS063017	472481		Eelgrass sediment microbiome for nitrogen cycle and vitamin B12	5/28/18	ILLUMINA	527610	132369177	43.065	144.86	0.02	7.6	18.2			Pacific Ocean	7/28/15								sediment										96	36.89		SRA	251	No
411	DRR131224	DRX123962	DRS063018	472481		Eelgrass sediment microbiome for nitrogen cycle and vitamin B12	5/28/18	ILLUMINA	304635	82710145	43.065	144.86	0.02	7.6	18.2			Pacific Ocean	7/28/15								sediment										94	36.45		SRA	272	No
486	ERR1111514	ERX1191056	ERS955803	301859		Metagenomic analysis of microbial CpG methylation in Delaware estuarine riverbank sediment	11/10/15	ILLUMINA	187525102	18940035302	38.8022	-75.203	0.3		-80		United States of America	Atlantic Ocean		estuarine		sea					sediment								mudflat		85	34		SRA	101	No
487	ERR1111515	ERX1191057	ERS955804	301859		Metagenomic analysis of microbial CpG methylation in Delaware estuarine riverbank sediment	11/10/15	ILLUMINA	186874257	18874299957	38.8022	-75.203	0.3		-80		United States of America	Atlantic Ocean		estuarine		sea					sediment								mudflat		87	34.39		SRA	101	No
488	ERR1111516	ERX1191058	ERS955805	301859		Metagenomic analysis of microbial CpG methylation in Delaware estuarine riverbank sediment	11/10/15	ILLUMINA	147990142	7547497242	38.8022	-75.203	0.3		-80		United States of America	Atlantic Ocean		estuarine		sea					sediment								mudflat		95	37.2		SRA	51	No
1496	ERR1811624	ERX1874651	ERS1512896	388614		Samples from salt marshes in the south of England	5/28/17	ILLUMINA	6264605	1890069527	51.7972	0.921	0.05				United Kingdom	North Sea	7/18/14	marine salt marsh		"sea,shore"					sediment					salt marshes					91	37.95		SRA	302	No
1497	ERR1811625	ERX1874652	ERS1512897	388614		Samples from salt marshes in the south of England	5/28/17	ILLUMINA	7058191	2129796528	51.7972	0.921	0.05				United Kingdom	North Sea	7/18/14	marine salt marsh		"sea,shore"					sediment					salt marshes					90	37.74		SRA	302	No
1498	ERR1811626	ERX1874653	ERS1512898	388614		Samples from salt marshes in the south of England	5/28/17	ILLUMINA	13572708	4095515655	51.7972	0.921	0.05				United Kingdom	North Sea	7/18/14	marine salt marsh		"sea,shore"					sediment					salt marshes					90	37.74		SRA	302	No
1499	ERR1811627	ERX1874654	ERS1512899	388614		Samples from salt marshes in the south of England	5/28/17	ILLUMINA	8142544	2456794905	51.7968	0.9218	0.05				United Kingdom	North Sea	7/18/14	marine salt marsh		"sea,shore"					sediment					salt marshes					91	38		SRA	302	No
1500	ERR1811628	ERX1874655	ERS1512900	388614		Samples from salt marshes in the south of England	5/28/17	ILLUMINA	12204392	3682364072	51.7968	0.9218	0.05				United Kingdom	North Sea	7/18/14	marine salt marsh		"sea,shore"					sediment					salt marshes					91	38.01		SRA	302	No
1501	ERR1811629	ERX1874656	ERS1512901	388614		Samples from salt marshes in the south of England	5/28/17	ILLUMINA	5036235	1519509772	51.7968	0.9218	0.05				United Kingdom	North Sea	7/18/14	marine salt marsh		"sea,shore"					sediment					salt marshes					91	37.92		SRA	302	No
1502	ERR1811630	ERX1874657	ERS1512902	388614		Samples from salt marshes in the south of England	5/28/17	ILLUMINA	8592735	2592355000	51.7972	0.921	0.05				United Kingdom	North Sea	2/24/15	marine salt marsh		"sea,shore"					sediment					salt marshes					89	37.62		SRA	302	No
1503	ERR1811631	ERX1874658	ERS1512903	388614		Samples from salt marshes in the south of England	5/28/17	ILLUMINA	6852003	2066982939	51.7972	0.921	0.05				United Kingdom	North Sea	2/24/15	marine salt marsh		"sea,shore"					sediment					salt marshes					90	37.77		SRA	302	No
1504	ERR1811632	ERX1874659	ERS1512904	388614		Samples from salt marshes in the south of England	5/28/17	ILLUMINA	8705204	2625121317	51.7972	0.921	0.05				United Kingdom	North Sea	2/24/15	marine salt marsh		"sea,shore"					sediment					salt marshes					91	38.12		SRA	302	No
1505	ERR1811633	ERX1874660	ERS1512905	388614		Samples from salt marshes in the south of England	5/28/17	ILLUMINA	9027235	2723512760	51.7968	0.9218	0.05				United Kingdom	North Sea	2/24/15	marine salt marsh		"sea,shore"					sediment					salt marshes					90	37.87		SRA	302	No
1506	ERR1811634	ERX1874661	ERS1512906	388614		Samples from salt marshes in the south of England	5/28/17	ILLUMINA	11402595	3439857785	51.7968	0.9218	0.05				United Kingdom	North Sea	2/24/15	marine salt marsh		"sea,shore"					sediment					salt marshes					91	37.9		SRA	302	No
1507	ERR1811635	ERX1874662	ERS1512907	388614		Samples from salt marshes in the south of England	5/28/17	ILLUMINA	7121663	2148681555	51.7968	0.9218	0.05				United Kingdom	North Sea	2/24/15	marine salt marsh		"sea,shore"					sediment					salt marshes					91	38.08		SRA	302	No
1508	ERR1811636	ERX1874663	ERS1512908	388614		Samples from salt marshes in the south of England	5/28/17	ILLUMINA	7774280	2345581119	51.7865	0.8608	0.05				United Kingdom	North Sea	7/3/14	marine salt marsh		"sea,shore"					sediment					salt marshes					91	38.02		SRA	302	No
1509	ERR1811637	ERX1874664	ERS1512909	388614		Samples from salt marshes in the south of England	5/28/17	ILLUMINA	4223722	1274200991	51.7865	0.8608	0.05				United Kingdom	North Sea	7/3/14	marine salt marsh		"sea,shore"					sediment					salt marshes					91	37.97		SRA	302	No
1510	ERR1811638	ERX1874665	ERS1512910	388614		Samples from salt marshes in the south of England	5/28/17	ILLUMINA	10766935	3248490684	51.7865	0.8608	0.05				United Kingdom	North Sea	7/3/14	marine salt marsh		"sea,shore"					sediment					salt marshes					91	38.02		SRA	302	No
1511	ERR1811639	ERX1874666	ERS1512911	388614		Samples from salt marshes in the south of England	5/28/17	ILLUMINA	3889500	1173295467	51.7878	0.8555	0.05				United Kingdom	North Sea	7/3/14	marine salt marsh		"sea,shore"					sediment					salt marshes					91	37.93		SRA	302	No
1512	ERR1811640	ERX1874667	ERS1512912	388614		Samples from salt marshes in the south of England	5/28/17	ILLUMINA	8748139	2639581798	51.7878	0.8555	0.05				United Kingdom	North Sea	7/3/14	marine salt marsh		"sea,shore"					sediment					salt marshes					91	38.03		SRA	302	No
1513	ERR1811641	ERX1874668	ERS1512913	388614		Samples from salt marshes in the south of England	5/28/17	ILLUMINA	7813423	2356947327	51.7878	0.8555	0.05				United Kingdom	North Sea	7/3/14	marine salt marsh		"sea,shore"					sediment					salt marshes					90	37.89		SRA	302	No
1514	ERR1811642	ERX1874669	ERS1512914	388614		Samples from salt marshes in the south of England	5/28/17	ILLUMINA	10663737	3216960814	51.7865	0.8608	0.05				United Kingdom	North Sea	3/28/15	marine salt marsh		"sea,shore"					sediment					salt marshes					90	37.77		SRA	302	No
1515	ERR1811643	ERX1874670	ERS1512915	388614		Samples from salt marshes in the south of England	5/28/17	ILLUMINA	12548880	3785467660	51.7865	0.8608	0.05				United Kingdom	North Sea	3/28/15	marine salt marsh		"sea,shore"					sediment					salt marshes					91	37.93		SRA	302	No
1516	ERR1811644	ERX1874671	ERS1512916	388614		Samples from salt marshes in the south of England	5/28/17	ILLUMINA	11811293	3561300182	51.7865	0.8608	0.05				United Kingdom	North Sea	3/28/15	marine salt marsh		"sea,shore"					sediment					salt marshes					91	37.93		SRA	302	No
1517	ERR1811645	ERX1874672	ERS1512917	388614		Samples from salt marshes in the south of England	5/28/17	ILLUMINA	5271099	1589301712	51.7878	0.8555	0.05				United Kingdom	North Sea	3/28/15	marine salt marsh		"sea,shore"					sediment					salt marshes					90	37.85		SRA	302	No
1518	ERR1811646	ERX1874673	ERS1512918	388614		Samples from salt marshes in the south of England	5/28/17	ILLUMINA	7392731	2231054193	51.7878	0.8555	0.05				United Kingdom	North Sea	3/28/15	marine salt marsh		"sea,shore"					sediment					salt marshes					90	37.82		SRA	302	No
1519	ERR1811647	ERX1874674	ERS1512919	388614		Samples from salt marshes in the south of England	5/28/17	ILLUMINA	8925500	2690527246	51.7878	0.8555	0.05				United Kingdom	North Sea	3/28/15	marine salt marsh		"sea,shore"					sediment					salt marshes					91	38.03		SRA	301	No
1520	ERR1811648	ERX1874675	ERS1512920	388614		Samples from salt marshes in the south of England	5/28/17	ILLUMINA	6904426	2081310828	51.8302	0.9503	0.05				United Kingdom	North Sea	8/17/14	marine salt marsh		"sea,shore"					sediment					salt marshes					91	37.98		SRA	301	No
1521	ERR1811649	ERX1874676	ERS1512921	388614		Samples from salt marshes in the south of England	5/28/17	ILLUMINA	8713755	2626730851	51.8318	0.9687	0.05				United Kingdom	North Sea	8/17/14	marine salt marsh		"sea,shore"					sediment					salt marshes					91	37.9		SRA	301	No
1522	ERR1811650	ERX1874677	ERS1512922	388614		Samples from salt marshes in the south of England	5/28/17	ILLUMINA	13178015	3970880118	51.8318	0.9687	0.05				United Kingdom	North Sea	8/17/14	marine salt marsh		"sea,shore"					sediment					salt marshes					90	37.81		SRA	301	No
1523	ERR1811651	ERX1874678	ERS1512923	388614		Samples from salt marshes in the south of England	5/28/17	ILLUMINA	8095427	2441358276	51.8302	0.9503	0.05				United Kingdom	North Sea	8/17/14	marine salt marsh		"sea,shore"					sediment					salt marshes					91	37.91		SRA	302	No
1524	ERR1811652	ERX1874679	ERS1512924	388614		Samples from salt marshes in the south of England	5/28/17	ILLUMINA	9603480	2894141430	51.8302	0.9503	0.05				United Kingdom	North Sea	8/17/14	marine salt marsh		"sea,shore"					sediment					salt marshes					91	38.04		SRA	301	No
1525	ERR1811653	ERX1874680	ERS1512925	388614		Samples from salt marshes in the south of England	5/28/17	ILLUMINA	9892185	2981798042	51.8318	0.9687	0.05				United Kingdom	North Sea	4/10/15	marine salt marsh		"sea,shore"					sediment					salt marshes					91	37.96		SRA	301	No
1526	ERR1811654	ERX1874681	ERS1512926	388614		Samples from salt marshes in the south of England	5/28/17	ILLUMINA	8145987	2453103368	51.8318	0.9687	0.05				United Kingdom	North Sea	4/10/15	marine salt marsh		"sea,shore"					sediment					salt marshes					90	37.82		SRA	301	No
1527	ERR1811655	ERX1874682	ERS1512927	388614		Samples from salt marshes in the south of England	5/28/17	ILLUMINA	7567396	2277283801	51.8318	0.9687	0.05				United Kingdom	North Sea	4/10/15	marine salt marsh		"sea,shore"					sediment					salt marshes					90	37.72		SRA	301	No
1528	ERR1811656	ERX1874683	ERS1512928	388614		Samples from salt marshes in the south of England	5/28/17	ILLUMINA	12720522	3831289133	51.8302	0.9503	0.05				United Kingdom	North Sea	4/10/15	marine salt marsh		"sea,shore"					sediment					salt marshes					90	37.79		SRA	301	No
1529	ERR1811657	ERX1874684	ERS1512929	388614		Samples from salt marshes in the south of England	5/28/17	ILLUMINA	8502677	2560037524	51.8302	0.9503	0.05				United Kingdom	North Sea	4/10/15	marine salt marsh		"sea,shore"					sediment					salt marshes					90	37.71		SRA	301	No
1530	ERR1811658	ERX1874685	ERS1512930	388614		Samples from salt marshes in the south of England	5/28/17	ILLUMINA	9594110	2887746472	51.7972	0.921	0.05				United Kingdom	North Sea	5/22/15	marine salt marsh		"sea,shore"					sediment					salt marshes					89	37.61		SRA	301	No
1531	ERR1811659	ERX1874686	ERS1512931	388614		Samples from salt marshes in the south of England	5/28/17	ILLUMINA	8285924	2495842985	51.7972	0.921	0.05				United Kingdom	North Sea	5/22/15	marine salt marsh		"sea,shore"					sediment					salt marshes					90	37.55		SRA	301	No
1532	ERR1811660	ERX1874687	ERS1512932	388614		Samples from salt marshes in the south of England	5/28/17	ILLUMINA	4442864	1337262567	51.7968	0.9218	0.05				United Kingdom	North Sea	5/22/15	marine salt marsh		"sea,shore"					sediment					salt marshes					91	37.91		SRA	301	No
1533	ERR1811661	ERX1874688	ERS1512933	388614		Samples from salt marshes in the south of England	5/28/17	ILLUMINA	8766228	2636304142	51.7968	0.9218	0.05				United Kingdom	North Sea	5/22/15	marine salt marsh		"sea,shore"					sediment					salt marshes					90	37.78		SRA	301	No
2194	ERR2031030	ERX2090087	ERS1817954	553726		Benguela Upwelling sediments metagenome study	7/10/19	ILLUMINA	22189633	6667208157	-25.5	13.45					Namibia	Atlantic Ocean		marine upwelling		sea					"anaerobic sediment,sediment"								"abyssal plain,coastal upwelling,upwelling"		92	34.22		SRA	300	No
2195	ERR2031031	ERX2090088	ERS1817953	553726		Benguela Upwelling sediments metagenome study	7/10/19	ILLUMINA	27728803	8331117016	-24.055	14.269					Namibia	Atlantic Ocean		marine upwelling		sea					"anaerobic sediment,sediment"								"abyssal plain,coastal upwelling,upwelling"		88	33.31		SRA	300	No
2196	ERR2031032	ERX2090089	ERS1817955	553726		Benguela Upwelling sediments metagenome study	7/10/19	ILLUMINA	24765266	7440776872	-26.01	12.573					Namibia	Atlantic Ocean		marine upwelling		sea					"anaerobic sediment,sediment"								"abyssal plain,coastal upwelling,upwelling"		88	33.38		SRA	300	No
2529	ERR257714	ERX232248	ERS233525	280819		Making and breaking DMS by salt marsh microbes (Illumina HiSeq 100bp)	4/10/15	ILLUMINA	50224650	10145379300	52.9653	0.9258	0.01				United Kingdom	North Sea	5/31/11			sea					sediment										84	33.48		SRA	202	No
2530	ERR257715	ERX232249	ERS233527	280819		Making and breaking DMS by salt marsh microbes (Illumina HiSeq 100bp)	4/10/15	ILLUMINA	35603707	7191948814	52.9653	0.9258	0.01				United Kingdom	North Sea	5/31/11			sea					sediment										83	33.24		SRA	202	No
2990	ERR543992	ERX509195	ERS485202	307388		Reconstructing the ecosystem functions of the active microbial community within Baltic Sea oxygen depleted sediments	1/1/16	ILLUMINA	106080777	21428316954	58.3591	18.1426	466					Baltic Sea	4/21/10	marine bathyal zone		sea					"anaerobic sediment,marine sediment,sediment"							bathyal zone			87	34.38		SRA	202	No
4744	SRR1555743	SRX684858	SRS687932	259156	25945739	Metagenome of marine sediment near Loki's castle	4/30/15	ILLUMINA	15340568	4602170400	73.7632	8.464	0.74	7.66	-0.1			Atlantic Ocean		ocean	soil	"ocean,sea"					"marine sediment,sediment"							"deep sea,hydrothermal vent"			94	35.24		SRA	300	No
4745	SRR1555744	SRX684853	SRS687928	259156	25945739	Metagenome of marine sediment near Loki's castle	2/7/17	ILLUMINA	188084190	56425257000	73.7632	8.464	0.75	7.66	-0.1			Atlantic Ocean		ocean	soil	"ocean,sea"					"marine sediment,sediment"							"deep sea,hydrothermal vent"			92	34.95		SRA	300	No
4746	SRR1555748	SRX684858	SRS687932	259156	25945739	Metagenome of marine sediment near Loki's castle	4/30/15	ILLUMINA	13619622	4085886600	73.7632	8.464	0.74	7.66	-0.1			Atlantic Ocean		ocean	soil	"ocean,sea"					"marine sediment,sediment"							"deep sea,hydrothermal vent"			95	35.86		SRA	300	No
4747	SRR1555750	SRX684860	SRS687934	259156	25945739	Metagenome of marine sediment near Loki's castle	4/30/15	ILLUMINA	1532941	225991863	73.7632	8.464	0.73	7.66	-0.1			Atlantic Ocean		ocean		"ocean,sea"					"marine sediment,sediment"							"deep sea,hydrothermal vent"			98	37.48		SRA	147	No
4767	SRR1627905	SRX740692	SRS728414	264715		Costa Rica margin subsurface Metagenome	3/5/15	ILLUMINA	43329466	9359164656	8.5923	-84.0774						Pacific Ocean	4/2/11	ocean		"ocean,shore"					"marine sediment,sediment"										94	36.35		SRA	216	No
4769	SRR1627907	SRX740708	SRS728416	264715		Costa Rica margin subsurface Metagenome	3/5/15	ILLUMINA	17120033	3697927128	8.5923	-84.0774						Pacific Ocean	4/3/11	ocean		"ocean,shore"					"marine sediment,sediment"										95	36.47		SRA	216	No
4864	SRR1793928	SRX869324	SRS812474	271884		Basalts from the Louisville Seamount Chain (cores) Targeted Locus (Loci)	2/10/15	ILLUMINA	768726	166044816	-28.596	-173.28	0					Pacific Ocean		ocean		"ocean,well"				lava	sediment								"seamount chain,seamounts"		91	35.06		SRA	216	No
4908	SRR1964815	SRX986762	SRS475098	217520	22273405	Subseafloor sediments hosting gas hydrates Targeted Locus (Loci)	4/11/15	ILLUMINA	22483082	4856345712	11.2811	93.1		7.7	5.9			Indian Ocean	7/25/06		soil	sea		calcareous ooze			"marine sediment,sediment"										95	36.77		SRA	216	No
4909	SRR1964816	SRX986763	SRS475103	217520	22273405	Subseafloor sediments hosting gas hydrates Targeted Locus (Loci)	4/11/15	ILLUMINA	23488673	5073553368	11.2811	93.1		7.8	6.3			Indian Ocean	7/25/06		soil	sea		calcareous ooze			"marine sediment,sediment"										95	36.76		SRA	216	No
4910	SRR1964817	SRX986764	SRS475104	217520	22273405	Subseafloor sediments hosting gas hydrates Targeted Locus (Loci)	4/11/15	ILLUMINA	11715137	2530469592	11.2811	93.1		7.3	16.6			Indian Ocean	7/25/06		soil	sea		siliceous ooze			"marine sediment,sediment"										93	35.96		SRA	216	No
4911	SRR1971619	SRX993393	SRS617439	248084	17051217	Hakon Mosby Mud Volcano Targeted Locus (Loci)	4/14/16	ILLUMINA	33295829	7191899064	72.001	14.719		8.2		35		Atlantic Ocean	1/7/03	marine benthic	soil	sea					"marine sediment,sediment"							deep sea			92	35.44		SRA	216	No
4915	SRR1971623	SRX993397	SRS617432	248084	17051217	Hakon Mosby Mud Volcano Targeted Locus (Loci)	4/14/16	ILLUMINA	69441518	14999367888	72.003	14.732		8.2		35		Atlantic Ocean	9/26/10	"marine benthic,ocean"	soil	"ocean,sea"					"marine sediment,sediment"							deep sea			94	36.21		SRA	216	No
4916	SRR1971624	SRX993398	SRS617433	248084	17051217	Hakon Mosby Mud Volcano Targeted Locus (Loci)	4/14/16	ILLUMINA	4000000	864000000	72.003	14.732		8.2		35		Atlantic Ocean	9/28/10	"marine benthic,ocean"	soil	"ocean,sea"					"marine sediment,sediment"							deep sea			95	36.75		SRA	216	No
4917	SRR1971625	SRX993399	SRS617437	248084	17051217	Hakon Mosby Mud Volcano Targeted Locus (Loci)	4/14/16	ILLUMINA	15402223	3326880168	72.004	14.73		8.2		35		Atlantic Ocean	2/10/10	marine benthic	soil	sea					"marine sediment,sediment"							deep sea			96	36.93		SRA	216	No
5093	SRR2133563	SRX1123881	SRS1016299	290197	29364876	Methane Seep Sediments Metagenomic assembly	4/17/16	ILLUMINA	156841602	31682003604	44.6695	-125.0982	0.045					Pacific Ocean		"ocean,seep"		ocean					"marine sediment,sediment"						seep	ocean floor			92	35.75		SRA	202	No
5094	SRR2133565	SRX1123881	SRS1016299	290197	29364876	Methane Seep Sediments Metagenomic assembly	4/17/16	ILLUMINA	56502842	11413574084	44.6695	-125.0982	0.045					Pacific Ocean		"ocean,seep"		ocean					"marine sediment,sediment"						seep	ocean floor			96	36.87		SRA	202	No
5095	SRR2133566	SRX1123881	SRS1016299	290197	29364876	Methane Seep Sediments Metagenomic assembly	4/17/16	ILLUMINA	55237446	11047489200	44.6695	-125.0982	0.045					Pacific Ocean		"ocean,seep"		ocean					"marine sediment,sediment"						seep	ocean floor			91	35.45		SRA	200	No
5103	SRR2133847	SRX1124032	SRS1016437	290197	29364876	Methane Seep Sediments Metagenomic assembly	4/17/16	ILLUMINA	67153741	13430748200	44.6695	-125.0982	0.06					Pacific Ocean		"marine cold seep,ocean,seep"		ocean					"marine sediment,sediment"						seep				92	35.69		SRA	200	No
5105	SRR2133851	SRX1123916	SRS1016335	290197	29364876	Methane Seep Sediments Metagenomic assembly	4/17/16	ILLUMINA	46144437	9321176274	44.57	-125.1478	0.03					Pacific Ocean		"ocean,seep"		ocean					"marine sediment,sediment"						seep	ocean floor			96	37.12		SRA	202	No
5106	SRR2133852	SRX1123916	SRS1016335	290197	29364876	Methane Seep Sediments Metagenomic assembly	4/17/16	ILLUMINA	78285570	15657114000	44.57	-125.1478	0.03					Pacific Ocean		"ocean,seep"		ocean					"marine sediment,sediment"						seep	ocean floor			91	35.52		SRA	200	No
5205	SRR2636951	SRX1331404	SRS1112177	292297		DWH Sediment metagenome	11/6/15	ILLUMINA	369200914	74578584628	29.456	-89.887						Atlantic Ocean	11/6/13		oil	bay					"marine sediment,sediment"										80	31.94		SRA	202	No
5206	SRR2637322	SRX1331541	SRS1112294	292297		DWH Sediment metagenome	11/9/15	ILLUMINA	72443803	14633648206	29.456	-89.887						Atlantic Ocean	11/6/13		oil	bay					"marine sediment,sediment"										82	32.65		SRA	202	No
5207	SRR2637690	SRX1331604	SRS1112519	292297		DWH Sediment metagenome	11/6/15	ILLUMINA	298019740	60199987480	29.456	-89.887						Atlantic Ocean	11/6/13		oil	bay					"marine sediment,sediment"										77	31.13		SRA	202	No
5208	SRR2637699	SRX1331668	SRS1112774	292297		DWH Sediment metagenome	11/6/15	ILLUMINA	493079194	99601997188	29.456	-89.883						Atlantic Ocean	11/7/13		oil	bay					"marine sediment,sediment"										84	33.37		SRA	202	No
5209	SRR2637706	SRX1331717	SRS1112774	292297		DWH Sediment metagenome	11/6/15	ILLUMINA	70201375	14180677750	29.456	-89.883						Atlantic Ocean	11/7/13		oil	bay					"marine sediment,sediment"										82	32.56		SRA	202	No
5210	SRR2637708	SRX1331769	SRS1112823	292297		DWH Sediment metagenome	11/6/15	ILLUMINA	471733657	95290198714	29.456	-89.883						Atlantic Ocean	11/7/13		oil	bay					"marine sediment,sediment"										84	33.26		SRA	202	No
5211	SRR2638077	SRX1331947	SRS1112904	292297		DWH Sediment metagenome	11/6/15	ILLUMINA	98430570	19882975140	29.468	-89.882						Atlantic Ocean	11/7/13		oil	bay					"marine sediment,sediment"										84	33.12		SRA	202	No
5212	SRR2638107	SRX1331977	SRS1112934	292297		DWH Sediment metagenome	11/6/15	ILLUMINA	434779039	87825365878	29.468	-89.882						Atlantic Ocean	11/7/13		oil	bay					"marine sediment,sediment"										82	32.7		SRA	202	No
5224	SRR2656923	SRX1337740	SRS1115039	292297		DWH Sediment metagenome	11/6/15	ILLUMINA	347800277	70255655954	29.47	-89.925						Atlantic Ocean	11/9/13		oil	bay					"marine sediment,sediment"										79	31.77		SRA	202	No
5225	SRR2656924	SRX1337741	SRS1115040	292297		DWH Sediment metagenome	11/6/15	ILLUMINA	71796600	14502913200	29.47	-89.925						Atlantic Ocean	11/9/13		oil	bay					"marine sediment,sediment"										81	32.29		SRA	202	No
5226	SRR2656925	SRX1337742	SRS1115041	292297		DWH Sediment metagenome	11/6/15	ILLUMINA	309273437	62473234274	29.47	-89.925						Atlantic Ocean	11/9/13		oil	bay					"marine sediment,sediment"										79	31.65		SRA	202	No
5227	SRR2656926	SRX1337743	SRS1115042	292297		DWH Sediment metagenome	11/6/15	ILLUMINA	78617198	15880673996	29.491	-89.806						Atlantic Ocean	11/9/13		oil	bay					"marine sediment,sediment"										80	32.14		SRA	202	No
5228	SRR2656927	SRX1337744	SRS1115043	292297		DWH Sediment metagenome	11/6/15	ILLUMINA	60288039	12178183878	29.491	-89.806						Atlantic Ocean	11/9/13		oil	bay					"marine sediment,sediment"										80	32.16		SRA	202	No
5229	SRR2657076	SRX1337756	SRS1115050	292297		DWH Sediment metagenome	11/6/15	ILLUMINA	82126113	16589474826	29.463	-89.88						Atlantic Ocean	11/7/13		oil	bay					"marine sediment,sediment"										81	32.31		SRA	202	No
5230	SRR2657155	SRX1337783	SRS1115061	292297		DWH Sediment metagenome	11/6/15	ILLUMINA	60661563	12253635726	29.463	-89.88						Atlantic Ocean	11/7/13		oil	bay					"marine sediment,sediment"										80	31.98		SRA	202	No
5231	SRR2657207	SRX1337804	SRS1115072	292297		DWH Sediment metagenome	11/6/15	ILLUMINA	68590930	13855367860	29.491	-89.806						Atlantic Ocean	11/29/11		oil	bay					"marine sediment,sediment"										79	31.84		SRA	202	No
5232	SRR2657208	SRX1337803	SRS1115071	292297		DWH Sediment metagenome	11/6/15	ILLUMINA	201169309	40636200418	29.119	-90.762						Atlantic Ocean	11/22/11		oil						"marine sediment,sediment"										84	33.26		SRA	202	No
5233	SRR2657209	SRX1337806	SRS1115073	292297		DWH Sediment metagenome	11/9/15	ILLUMINA	266358988	53804515576	29.44	-89.903						Atlantic Ocean	11/28/11		oil	bay					"marine sediment,sediment"										81	32.31		SRA	202	No
5234	SRR2657211	SRX1337808	SRS1115075	292297		DWH Sediment metagenome	11/6/15	ILLUMINA	137999791	27875957782	29.44	-89.903						Atlantic Ocean	11/28/11		oil	bay					"marine sediment,sediment"										85	33.41		SRA	202	No
5235	SRR2657213	SRX1337809	SRS1115076	292297		DWH Sediment metagenome	11/6/15	ILLUMINA	239029727	48284004854	29.44	-89.903						Atlantic Ocean	11/28/11		oil	bay					"marine sediment,sediment"										85	33.55		SRA	202	No
5236	SRR2657215	SRX1337810	SRS1115077	292297		DWH Sediment metagenome	11/6/15	ILLUMINA	323184080	65283184160	29.44	-89.903						Atlantic Ocean	11/28/11		oil	bay					"marine sediment,sediment"										82	32.69		SRA	202	No
5237	SRR2657219	SRX1337812	SRS1115078	292297		DWH Sediment metagenome	11/6/15	ILLUMINA	245549052	49600908504	29.129	-90.74						Atlantic Ocean	11/28/11		oil						"marine sediment,sediment"										83	33.01		SRA	202	No
5238	SRR2657222	SRX1337813	SRS1115079	292297		DWH Sediment metagenome	11/6/15	ILLUMINA	71671803	14477704206	29.463	-89.88						Atlantic Ocean	6/5/12		oil	bay					"marine sediment,sediment"										82	32.48		SRA	202	No
5239	SRR2657224	SRX1337815	SRS1115080	292297		DWH Sediment metagenome	11/6/15	ILLUMINA	378356380	76427988760	29.468	-89.882						Atlantic Ocean	6/5/12		oil	bay					"marine sediment,sediment"										78	31.55		SRA	202	No
5240	SRR2657226	SRX1337816	SRS1158482	292297		DWH Sediment metagenome	11/6/15	ILLUMINA	341084846	68899138892	29.47	-89.925						Atlantic Ocean	6/6/12		oil	bay					"marine sediment,sediment"										74	30.61		SRA	202	No
5241	SRR2657229	SRX1337819	SRS1115082	292297		DWH Sediment metagenome	11/6/15	ILLUMINA	725975441	1.46647E+11	29.47	-89.925						Atlantic Ocean	6/6/12		oil	bay					"marine sediment,sediment"										75	30.83		SRA	202	No
5242	SRR2657233	SRX1337822	SRS1115084	292297		DWH Sediment metagenome	11/6/15	ILLUMINA	83777443	16923043486	29.47	-89.925						Atlantic Ocean	6/6/12		oil	bay					"marine sediment,sediment"										82	32.54		SRA	202	No
5243	SRR2657237	SRX1337823	SRS1115085	292297		DWH Sediment metagenome	11/6/15	ILLUMINA	565729760	1.14277E+11	29.456	-89.887						Atlantic Ocean	6/6/12		oil	bay					"marine sediment,sediment"										74	30.52		SRA	202	No
5244	SRR2657347	SRX1337853	SRS1115094	292297		DWH Sediment metagenome	11/6/15	ILLUMINA	572634502	1.15672E+11	29.456	-89.887						Atlantic Ocean	6/6/12		oil	bay					"marine sediment,sediment"										75	30.71		SRA	202	No
5245	SRR2657520	SRX1337872	SRS1115102	292297		DWH Sediment metagenome	11/6/15	ILLUMINA	348194379	70335264558	29.456	-89.883						Atlantic Ocean	6/6/12		oil	bay					"marine sediment,sediment"										76	31.09		SRA	202	No
5246	SRR2657549	SRX1337904	SRS1115122	292297		DWH Sediment metagenome	11/10/15	ILLUMINA	533377302	1.07742E+11	29.456	-89.883						Atlantic Ocean	6/6/12		oil	bay					"marine sediment,sediment"										76	31.11		SRA	202	No
5247	SRR2657558	SRX1337909	SRS1158484	292297		DWH Sediment metagenome	11/10/15	ILLUMINA	471980844	95340130488	29.44	-89.903						Atlantic Ocean	6/7/12		oil	bay					"marine sediment,sediment"										76	31.06		SRA	202	No
5248	SRR2657566	SRX1337923	SRS1115128	292297		DWH Sediment metagenome	11/6/15	ILLUMINA	303515103	61310050806	29.44	-89.903						Atlantic Ocean	6/7/12		oil	bay					"marine sediment,sediment"										76	31.31		SRA	202	No
5249	SRR2657575	SRX1337927	SRS1115131	292297		DWH Sediment metagenome	11/10/15	ILLUMINA	321046381	64851368962	29.435	-89.883						Atlantic Ocean	6/7/12		oil	bay					"marine sediment,sediment"										72	29.79		SRA	202	No
5250	SRR2657579	SRX1337931	SRS1115135	292297		DWH Sediment metagenome	11/6/15	ILLUMINA	67622197	13659683794	29.463	-89.88						Atlantic Ocean	11/17/11		oil	bay					"marine sediment,sediment"										80	32.17		SRA	202	No
5251	SRR2657582	SRX1337938	SRS1115139	292297		DWH Sediment metagenome	11/6/15	ILLUMINA	401664484	81136225768	29.468	-89.882						Atlantic Ocean	11/17/11		oil	bay					"marine sediment,sediment"										81	32.31		SRA	202	No
5252	SRR2657585	SRX1337942	SRS1115142	292297		DWH Sediment metagenome	11/6/15	ILLUMINA	303850589	61377818978	29.47	-89.925						Atlantic Ocean	11/18/11		oil	bay					"marine sediment,sediment"										80	32.04		SRA	202	No
5255	SRR2657590	SRX1337945	SRS1115146	292297		DWH Sediment metagenome	11/6/15	ILLUMINA	74525018	15054053636	29.47	-89.925						Atlantic Ocean	11/18/11		oil	bay					"marine sediment,sediment"										81	32.44		SRA	202	No
5256	SRR2657594	SRX1337948	SRS1115150	292297		DWH Sediment metagenome	11/6/15	ILLUMINA	309906658	62601144916	29.47	-89.925						Atlantic Ocean	11/18/11		oil	bay					"marine sediment,sediment"										81	32.51		SRA	202	No
5257	SRR2657625	SRX1337962	SRS1115164	292297		DWH Sediment metagenome	11/6/15	ILLUMINA	252668332	51039003064	29.456	-89.883						Atlantic Ocean	11/18/11		oil	bay					"marine sediment,sediment"										80	32.22		SRA	202	No
5258	SRR2657627	SRX1337965	SRS1115166	292297		DWH Sediment metagenome	11/6/15	ILLUMINA	78959546	15949828292	29.456	-89.883						Atlantic Ocean	11/18/11		oil	bay					"marine sediment,sediment"										80	32.04		SRA	202	No
5259	SRR2657909	SRX1338005	SRS1115179	292297		DWH Sediment metagenome	11/6/15	ILLUMINA	242134811	48911231822	29.456	-89.883						Atlantic Ocean	11/18/11		oil	bay					"marine sediment,sediment"										82	32.8		SRA	202	No
5260	SRR2657962	SRX1338044	SRS1158483	292297		DWH Sediment metagenome	11/6/15	ILLUMINA	297908235	60177463470	29.456	-89.887						Atlantic Ocean	11/22/11		oil	bay					"marine sediment,sediment"										80	32.01		SRA	202	No
5261	SRR2658004	SRX1338062	SRS1115223	292297		DWH Sediment metagenome	11/6/15	ILLUMINA	81306529	16423918858	29.456	-89.887						Atlantic Ocean	11/22/11		oil	bay					"marine sediment,sediment"										81	32.33		SRA	202	No
5262	SRR2658026	SRX1338099	SRS1115259	292297		DWH Sediment metagenome	11/7/15	ILLUMINA	302373579	61079462958	29.456	-89.887						Atlantic Ocean	11/22/11		oil	bay					"marine sediment,sediment"										81	32.48		SRA	202	No
5324	SRR2915416	SRX1430273	SRS1161073	301767		Deep-sea sediments Metagenome	11/11/16	ILLUMINA	44068008	11017002000	27.7875	126.8915						Pacific Ocean	4/17/14			sea					"marine sediment,sediment"										88	34.8		SRA	250	No
5325	SRR2915683	SRX1430275	SRS1161074	301767		Deep-sea sediments Metagenome	11/11/16	ILLUMINA	42849748	10712437000	27.8078	126.9053						Pacific Ocean	4/18/14			sea					"marine sediment,sediment"										86	34.25		SRA	250	No
5326	SRR2915692	SRX1430276	SRS1161075	301767		Deep-sea sediments Metagenome	11/11/16	ILLUMINA	43566080	10891520000	27.546	126.9753						Pacific Ocean	4/16/14			sea					"marine sediment,sediment"										89	35.15		SRA	250	No
5327	SRR2915707	SRX1430277	SRS1161076	301767		Deep-sea sediments Metagenome	11/11/16	ILLUMINA	45863524	11465881000	27.6365	126.8802						Pacific Ocean	4/23/14			sea					"marine sediment,sediment"										84	33.7		SRA	250	No
5430	SRR3223410	SRX1630031	SRS1337578	312413		Bathyarchaeotal metagenome from Guaymas Basin	3/13/17	ILLUMINA	69537794	13907558800	27.0119	-111.4054	0.05					Pacific Ocean				sea			gel		"marine sediment,sediment,sediment surface"							"deep sea,hydrothermal vent"		Bathymodiolus platifrons	93	36.09		SRA	200	No
5679	SRR3715698	SRX1875055	SRS1524701	326769		marine sediment metagenome Raw sequence reads	9/30/16	ILLUMINA	199043263	59712978900	33.7888	-118.6683						Pacific Ocean	5/8/13	ocean		ocean					"marine sediment,sediment"						seep	ocean floor			93	38.6		SRA	300	No
5680	SRR3715733	SRX1875056	SRS1524702	326769		marine sediment metagenome Raw sequence reads	9/30/16	ILLUMINA	182071249	54621374700	33.7888	-118.6683	0.075					Pacific Ocean	5/8/13	ocean		ocean					"marine sediment,sediment"						seep	ocean floor			93	38.56		SRA	300	No
5725	SRR3723048	SRX1880758	SRS738698	"2,663,652,692"	26872042	Aging mid-ocean ridge flanks support a distinct microbial ecosystem	6/27/16	ILLUMINA	151415755	45424726500	47.76	-127.76						Pacific Ocean	7/12/11	ocean		ocean				basalt	sediment			hydrothermal fluid					mid-ocean ridge		89	34.21		SRA	300	No
5842	SRR3732688	SRX1888493	SRS738699	"2,663,652,692"	26872042	Aging mid-ocean ridge flanks support a distinct microbial ecosystem	7/5/16	ILLUMINA	82838048	24851414400	47.76	-127.76						Pacific Ocean	7/10/11	ocean		ocean				basalt	sediment			hydrothermal fluid					mid-ocean ridge		86	33.35		SRA	300	No
6080	SRR3943820	SRX1969796	SRS1577328	330786		marine sediment metagenome Metagenome	6/30/17	ILLUMINA	45060004	13518001200	-3.7287	151.6699						Pacific Ocean	6/9/15			sea					"marine sediment,sediment"										93	39.2		SRA	300	No
6081	SRR3943821	SRX1969797	SRS1577330	330786		marine sediment metagenome Metagenome	6/30/17	ILLUMINA	43800784	13140235200	-3.734	151.6774						Pacific Ocean	6/9/15			sea					"marine sediment,sediment"										93	39.17		SRA	300	No
6082	SRR3943822	SRX1969798	SRS1577331	330786		marine sediment metagenome Metagenome	6/30/17	ILLUMINA	41874200	12562260000	-3.7129	151.8805						Pacific Ocean	6/9/15			sea					"marine sediment,sediment"										93	39.2		SRA	300	No
6083	SRR3943823	SRX1969799	SRS1577332	330786		marine sediment metagenome Metagenome	6/30/17	ILLUMINA	45286864	13586059200	-3.6792	151.8639						Pacific Ocean	6/9/15			sea					"marine sediment,sediment"										93	39.23		SRA	300	No
6182	SRR4023290	SRX2015363	SRS1611383	337731		"Marine sediment microbial communities from Kolumbo Volcano mats, Greece - white/grey mat metagenome"	8/12/16	ILLUMINA	12233885	2789325780	36.5	25.45						Mediterranean Sea									sediment										90	35.7		SRA	228	No
6183	SRR4023291	SRX2015364	SRS1611383	337731		"Marine sediment microbial communities from Kolumbo Volcano mats, Greece - white/grey mat metagenome"	8/12/16	ILLUMINA	12379688	2822568864	36.5	25.45						Mediterranean Sea									sediment										90	35.62		SRA	228	No
6184	SRR4026059	SRX2018098	SRS1614046	336970		"Marine sediment microbial communities from Santorini caldera mats, Greece - red mat metagenome"	8/12/16	ILLUMINA	11600519	2644918332	36.5	25.45						Mediterranean Sea									sediment										86	34.46		SRA	228	No
6185	SRR4026060	SRX2018099	SRS1614046	336970		"Marine sediment microbial communities from Santorini caldera mats, Greece - red mat metagenome"	8/12/16	ILLUMINA	11068070	2523519960	36.5	25.45						Mediterranean Sea									sediment										87	34.59		SRA	228	No
6193	SRR4028170	SRX2020054	SRS1615317	338830		sediment bacteria metagenome Metagenome	8/16/16	ILLUMINA	21133028	4268871656	-15.16	-13.35						Atlantic Ocean		ocean		ocean					sediment							"deep sea,hydrothermal vent"			82	32.61		SRA	202	No
6199	SRR4028790	SRX2020533	SRS1615366	337677		"Saline sediment microbial community from Etoliko Lagoon, Greece metagenome"	8/13/16	ILLUMINA	184450440	55335132000	38.4822	21.3132						Mediterranean Sea	2/2/09								sediment										62	26.65		SRA	300	No
6209	SRR4030055	SRX2021647	SRS1616282	337742		"Marine sediment microbial community from Union City, CA, USA - Pond 2C Sediment 3 metagenome"	8/14/16	ILLUMINA	28293369	8488010700	37.5688	-122.1031						Pacific Ocean	12/5/11								"marine sediment,sediment"										71	29.12		SRA	300	No
6210	SRR4030057	SRX2021649	SRS1616284	336785		"Marine sediment microbial community from Union City, CA, USA - Pond 1C Sediment 3 metagenome"	8/14/16	ILLUMINA	28605744	8581723200	37.5691	-122.1033						Pacific Ocean	12/5/11								"marine sediment,sediment"										71	29.21		SRA	300	No
6212	SRR4030059	SRX2021651	SRS1616286	336788		"Marine sediment microbial community from Union City, CA, USA - Pond 2C Sediment 1 metagenome"	8/14/16	ILLUMINA	31934082	9580224600	37.5692	-122.1019						Pacific Ocean	12/5/11								"marine sediment,sediment"										68	28.09		SRA	300	No
6215	SRR4030064	SRX2021656	SRS1616291	336780		"Marine sediment microbial community from Union City, CA, USA - Pond 1C Sediment 2 metagenome"	8/14/16	ILLUMINA	74765153	22429545900	37.5691	-122.1033						Pacific Ocean	12/5/11								"marine sediment,sediment"										63	26.42		SRA	300	No
6218	SRR4030089	SRX2021681	SRS1616300	337836		"Marine sediment microbial community from La Parguera, Puerto Rico - PR Tt Sediment 1 metagenome"	8/14/16	ILLUMINA	24678891	7403667300	17.9675	-67.0188						Atlantic Ocean	12/14/11			bay					"marine sediment,sediment"										75	30.45		SRA	300	No
6219	SRR4030090	SRX2021682	SRS1616301	336640		"Marine sediment microbial community from La Parguera, Puerto Rico - PR Tt Sediment 2 metagenome"	8/14/16	ILLUMINA	20158506	6047551800	17.9673	-67.0188						Atlantic Ocean	12/16/11			bay					"marine sediment,sediment"										67	27.97		SRA	300	No
6231	SRR4069403	SRX2056171	SRS1648183	340165		sediment metagenome Metagenome	8/30/16	ILLUMINA	1846010	417198260	-16.6417	-172.2	1					Pacific Ocean	9/2/12	ocean		ocean					sediment								ocean trench		96	36.59		SRA	226	No
6232	SRR4069404	SRX2056172	SRS1648183	340165		sediment metagenome Metagenome	8/30/16	ILLUMINA	5826299	1304575722	-16.6417	-172.2	1					Pacific Ocean	9/2/12	ocean		ocean					sediment								ocean trench		97	35.17		SRA	224	No
6233	SRR4069405	SRX2056173	SRS1648184	340165		sediment metagenome Metagenome	8/30/16	ILLUMINA	4564804	1031645704	-16.6417	-172.2	1					Pacific Ocean	9/2/12	ocean		ocean					sediment								ocean trench		96	36.69		SRA	226	No
6234	SRR4069406	SRX2056174	SRS1648184	340165		sediment metagenome Metagenome	8/30/16	ILLUMINA	13747868	3090460603	-16.6417	-172.2	1					Pacific Ocean	9/2/12	ocean		ocean					sediment								ocean trench		96	34.96		SRA	225	No
6235	SRR4069407	SRX2056175	SRS1648185	340165		sediment metagenome Metagenome	8/30/16	ILLUMINA	1975171	446388646	-16.6417	-172.2	1					Pacific Ocean	9/2/12	ocean		ocean					sediment								ocean trench		95	36.43		SRA	226	No
6236	SRR4069408	SRX2056176	SRS1648185	340165		sediment metagenome Metagenome	8/30/16	ILLUMINA	5974450	1343054218	-16.6417	-172.2	1					Pacific Ocean	9/2/12	ocean		ocean					sediment								ocean trench		97	35.15		SRA	225	No
6448	SRR5112540	SRX2424888	SRS1861092	357337		marine sediment metagenome raw sequence reads	12/19/16	ILLUMINA	41343425	12389240530	37.31	122						Pacific Ocean	10/10/15			sea					"marine sediment,sediment"		coastal sea water	sea water							90	38.21		SRA	300	No
6449	SRR5112541	SRX2424889	SRS1861093	357337		marine sediment metagenome raw sequence reads	12/19/16	ILLUMINA	33158653	9937589214	37.31	122						Pacific Ocean	10/10/15			sea					"marine sediment,sediment"		coastal sea water	sea water							91	38.38		SRA	300	No
6450	SRR5112542	SRX2424890	SRS1861094	357337		marine sediment metagenome raw sequence reads	12/19/16	ILLUMINA	31906176	9561682644	37.31	122						Pacific Ocean	10/10/15			sea					"marine sediment,sediment"		coastal sea water	sea water							91	38.32		SRA	300	No
6451	SRR5112543	SRX2424891	SRS1861095	357337		marine sediment metagenome raw sequence reads	12/19/16	ILLUMINA	36926941	11065011731	37.31	122						Pacific Ocean	10/10/15			sea					"marine sediment,sediment"		coastal sea water	sea water							91	38.46		SRA	300	No
6452	SRR5112544	SRX2424892	SRS1861096	357337		marine sediment metagenome raw sequence reads	12/19/16	ILLUMINA	41528426	12443647132	37.31	122						Pacific Ocean	10/10/15			sea					"marine sediment,sediment"		coastal sea water	sea water							90	37.92		SRA	300	No
6507	SRR5149189	SRX2467208	SRS1899658	360271		North Pond site U1382 metagenome	1/6/17	ILLUMINA	45378244	12355266171	22.7559	-46.0812		7.67	2.6			Atlantic Ocean	11/8/11	ocean		ocean					"marine sediment,sediment"										83	32.34		SRA	272	No
6513	SRR5189787	SRX2505628	SRS1930012	341273		sediment metagenome Metagenome	1/24/17	ILLUMINA	16518093	3733089018	22.81	-46.09		7.6	1.5			Atlantic Ocean	11/11/11	ocean		"ocean,well"					sediment										94	36.12		SRA	226	No
6514	SRR5189788	SRX2505629	SRS1930013	341273		sediment metagenome Metagenome	1/24/17	ILLUMINA	15991204	3614012104	22.8	-46.05		7.7	1.5			Atlantic Ocean	11/8/11	ocean		"ocean,well"					sediment										93	35.84		SRA	226	No
6515	SRR5189789	SRX2505630	SRS1930014	341273		sediment metagenome Metagenome	1/24/17	ILLUMINA	25067380	5665227880	22.8	-46.05		7.7	1.5			Atlantic Ocean	11/8/11	ocean		"ocean,well"					sediment										94	35.91		SRA	226	No
6522	SRR5204266	SRX2518193	SRS1940907	365776		"Pelagic marine sediment microbial communities from the LTER site Helgoland, North Sea, for post-phytoplankton bloom and carbon turnover studies - OSD3 (Helgoland) metaG metagenome"	1/26/17	ILLUMINA	200198196	60059458800	53.9944	6.8905						North Sea		ocean		"ocean,sea"					sediment										91	35.56		SRA	300	No
6523	SRR5204267	SRX2518194	SRS1940907	365776		"Pelagic marine sediment microbial communities from the LTER site Helgoland, North Sea, for post-phytoplankton bloom and carbon turnover studies - OSD3 (Helgoland) metaG metagenome"	1/26/17	ILLUMINA	203795834	61138750200	53.9944	6.8905						North Sea		ocean		"ocean,sea"					sediment										91	35.5		SRA	300	No
6529	SRR5210834	SRX2524290	SRS1945812			Deep subsurface microbial communities from Baltic Sea to uncover new lineages of life (NeLLi) - Landsort_02402 metaG metagenome	1/27/17	ILLUMINA	86090124	25999217448	58.622	18.254						Baltic Sea	10/17/13			sea					sediment										90	35.32		SRA	302	No
6530	SRR5210973	SRX2524357	SRS1945879			Deep subsurface microbial communities from South Atlantic Ocean to uncover new lineages of life (NeLLi) - Benguela_00093 metaG metagenome	1/27/17	ILLUMINA	98215255	29661007010	-27.74	14.251						Atlantic Ocean	4/21/08	ocean		ocean					sediment										91	35.44		SRA	302	No
6531	SRR5210996	SRX2524380	SRS1945901			Deep subsurface microbial communities from Indian Ocean to uncover new lineages of life (NeLLi) - Sumatra_00157 metaG metagenome	1/27/17	ILLUMINA	111116333	33557132566	1.759	96.774						Indian Ocean	10/1/06	ocean		ocean					sediment										91	35.43		SRA	302	No
6532	SRR5211005	SRX2524389	SRS1945909			Deep subsurface microbial communities from Indian Ocean to uncover new lineages of life (NeLLi) - Sumatra_00607 metaG metagenome	1/27/17	ILLUMINA	101193043	30560298986	1.759	96.774						Indian Ocean	10/1/06	ocean		ocean					sediment										91	35.56		SRA	302	No
6535	SRR5214151	SRX2525187	SRS1946299			"Marine hydrothermal vent microbial communities from Guaymas Basin, Gulf of California to study Microbial Dark Matter (Phase II) - Marker 14 Mat core 4569-2 3-6 cm metaG metagenome"	1/28/17	ILLUMINA	82897108	25034926616	27.0078	-111.4071						Pacific Ocean	11/30/09	marine hydrothermal vent							sediment							hydrothermal vent			91	35.48		SRA	302	No
6536	SRR5214303	SRX2525220	SRS1946312			"Marine hydrothermal vent microbial communities from Guaymas Basin, Gulf of California to study Microbial Dark Matter (Phase II) - Marker 14 Mat core 4571-4 33-36 cm metaG metagenome"	1/28/17	ILLUMINA	29448752	8893523104	27.0078	-111.4071						Pacific Ocean	12/2/09	marine hydrothermal vent							sediment							hydrothermal vent			95	36.59		SRA	302	No
6537	SRR5214304	SRX2525221	SRS1946313			"Marine hydrothermal vent microbial communities from Guaymas Basin, Gulf of California to study Microbial Dark Matter (Phase II) - Marker 14 Mat core 4571-4 3-6 cm metaG metagenome"	1/28/17	ILLUMINA	65489201	19777738702	27.0078	-111.4071						Pacific Ocean	12/2/09	marine hydrothermal vent							sediment							hydrothermal vent			92	35.76		SRA	302	No
6550	SRR5215464	SRX2525675	SRS1946613	364776		"Lake sediment bacterial and archeal communities from Gulf of Boni, Indonesia to study Microbial Dark Matter (Phase II) - ?I18A1 metaG metagenome"	1/29/17	ILLUMINA	66645794	20127029788	-2.75	121.05						Pacific Ocean	10/9/13								"lake sediment,sediment"										93	35.99		SRA	302	No
6551	SRR5215466	SRX2525677	SRS1946615	364777		"Lake sediment bacterial and archeal communities from Gulf of Boni, Indonesia to study Microbial Dark Matter (Phase II) - ?I19B2 metaG metagenome"	1/29/17	ILLUMINA	51302884	15493470968	-2.75	121.05						Pacific Ocean	10/22/13								"lake sediment,sediment"										90	35.45		SRA	302	No
6575	SRR5248164	SRX2554352	SRS1972021			"Marine sediment microbial communities from White Oak River estuary, North Carolina - WOR-3-8_10 metagenome"	2/12/17	ILLUMINA	71832522	21549756600	34.6402	-77.1094						Atlantic Ocean									sediment					estuary					87	33.69		SRA	300	No
6580	SRR5248172	SRX2554360	SRS1972024			"Marine sediment microbial communities from White Oak River estuary, North Carolina - WOR-2-30_32 metagenome"	2/12/17	ILLUMINA	176473456	52942036800	34.6402	-77.1094						Atlantic Ocean									sediment					estuary					70	28.78		SRA	300	No
6581	SRR5248173	SRX2554361	SRS1972025			"Marine sediment microbial communities from White Oak River estuary, North Carolina - WOR-1-52-54 metagenome"	2/12/17	ILLUMINA	195818481	58745544300	34.6478	-77.1112						Atlantic Ocean									sediment					estuary					74	30.43		SRA	300	No
6582	SRR5248174	SRX2554362	SRS1972026			"Marine sediment microbial communities from White Oak River estuary, North Carolina - WOR-3-24_28 metagenome"	2/12/17	ILLUMINA	186849017	56054705100	34.6402	-77.1094						Atlantic Ocean									sediment					estuary					76	30.7		SRA	300	No
6631	SRR5277143	SRX2581073	SRS1995162			"Pelagic marine sediment microbial communities from the LTER site Helgoland, North Sea, for post-phytoplankton bloom and carbon turnover studies - COGITO 998_met_11 metagenome"	2/21/17	ILLUMINA	73661134	22098340200	53.9944	6.8905						North Sea	3/11/14	ocean		"ocean,sea"					sediment										87	33.27		SRA	300	No
6636	SRR5356862	SRX2652902	SRS2058093	378926		Harbour sediment metagenome	4/2/18	ILLUMINA	13621912	4113817424	-33.85	151.25						Pacific Ocean	6/13/13			bay					sediment										93	35.02		SRA	302	No
6637	SRR5356863	SRX2652903	SRS2058094	378926		Harbour sediment metagenome	4/2/18	ILLUMINA	16984163	5129217226	-33.85	151.25						Pacific Ocean	6/13/13			bay					sediment										93	35.01		SRA	302	No
6638	SRR5356864	SRX2652904	SRS2058095	378926		Harbour sediment metagenome	4/2/18	ILLUMINA	14607535	4411475570	-33.85	151.25						Pacific Ocean	6/13/13			bay					sediment										93	35.01		SRA	302	No
6639	SRR5356865	SRX2652905	SRS2058096	378926		Harbour sediment metagenome	4/2/18	ILLUMINA	15424073	4658070046	-33.85	151.25						Pacific Ocean	6/13/13			bay					sediment										93	34.94		SRA	302	No
6640	SRR5356866	SRX2652906	SRS2058097	378926		Harbour sediment metagenome	4/2/18	ILLUMINA	13998098	4227425596	-33.85	151.25						Pacific Ocean	6/13/13			bay					sediment										93	34.9		SRA	302	No
6641	SRR5356867	SRX2652907	SRS2058098	378926		Harbour sediment metagenome	4/2/18	ILLUMINA	14602128	4409842656	-33.85	151.25						Pacific Ocean	6/13/13			bay					sediment										93	34.87		SRA	302	No
6642	SRR5356868	SRX2652908	SRS2058099	378926		Harbour sediment metagenome	4/2/18	ILLUMINA	13514267	4081308634	-33.85	151.25						Pacific Ocean	6/13/13			bay					sediment										93	34.74		SRA	302	No
6643	SRR5356869	SRX2652909	SRS2058100	378926		Harbour sediment metagenome	4/2/18	ILLUMINA	12570401	3796261102	-33.85	151.25						Pacific Ocean	6/13/13			bay					sediment										93	35.1		SRA	302	No
6644	SRR5356870	SRX2652910	SRS2058101	378926		Harbour sediment metagenome	4/2/18	ILLUMINA	14017706	4233347212	-33.85	151.25						Pacific Ocean	6/13/13			bay					sediment										93	35		SRA	302	No
6645	SRR5356871	SRX2652911	SRS2058102	378926		Harbour sediment metagenome	4/2/18	ILLUMINA	15822785	4778481070	-33.85	151.25						Pacific Ocean	6/13/13			bay					sediment										93	34.97		SRA	302	No
6646	SRR5356872	SRX2652912	SRS2058103	378926		Harbour sediment metagenome	4/2/18	ILLUMINA	13975060	4220468120	-33.85	151.25						Pacific Ocean	6/13/13			bay					sediment										92	34.67		SRA	302	No
6647	SRR5356873	SRX2652913	SRS2058104	378926		Harbour sediment metagenome	4/2/18	ILLUMINA	18766116	5667367032	-33.85	151.25						Pacific Ocean	6/13/13			bay					sediment										93	34.85		SRA	302	No
6661	SRR5386564	SRX1123916	SRS1016335	290197	29364876	Methane Seep Sediments Metagenomic assembly	4/17/16	ILLUMINA	256908737	51895564874	44.57	-125.1478	0.03					Pacific Ocean		"ocean,seep"		ocean					"marine sediment,sediment"						seep	ocean floor			85	33.97		SRA	202	No
6662	SRR5396644	SRX2691444	SRS2088606	380945		"Gulf of Mexico marine sediment metagenome, E3 site"	4/3/17	ILLUMINA	104290939	15643640850	25.8326	-95.0002						Atlantic Ocean	9/9/15								"marine sediment,sediment"									Acropora formosa	81	32.56		SRA	150	No
6664	SRR5409273	SRX1123916	SRS1016335	290197	29364876	Methane Seep Sediments Metagenomic assembly	4/17/16	ILLUMINA	12485094	2521988872	44.57	-125.1478	0.03					Pacific Ocean		"ocean,seep"		ocean					"marine sediment,sediment"						seep	ocean floor			85	33.86		SRA	202	No
6925	SRR5486138	SRX2769041	SRS2152680	383607		Adelie Basin Metagenomes Raw sequence reads	4/28/17	ILLUMINA	23748505	7172048510	-66.314	140.425						Southern Ocean	2/5/10	ocean		ocean					"marine sediment,sediment"										90	33.82		SRA	302	No
6926	SRR5486139	SRX2769042	SRS2152681	383607		Adelie Basin Metagenomes Raw sequence reads	4/28/17	ILLUMINA	23662967	7146216034	-66.314	140.425						Southern Ocean	2/5/10	ocean		ocean					"marine sediment,sediment"										90	33.71		SRA	302	No
6927	SRR5486140	SRX2769043	SRS2152682	383607		Adelie Basin Metagenomes Raw sequence reads	4/28/17	ILLUMINA	45363249	13699701198	-66.314	140.425						Southern Ocean	2/2/10	ocean		ocean					"marine sediment,sediment"										90	33.73		SRA	302	No
6989	SRR5506721	SRX2782476	SRS2164632			"Enrichment culture microbial communities from Arthur Kill intertidal strait, New Jersey, USA, that are MTBE-degrading - MTBE-AKM (Arthur Kill Methanogenic) MetaG metagenome"	5/4/17	ILLUMINA	86598187	26152652474	40.58	-74.2						Atlantic Ocean	1/6/15								sediment										90	34.92		SRA	302	No
6990	SRR5506727	SRX2782481	SRS2164637			"Enrichment culture microbial communities from Arthur Kill intertidal strait, New Jersey, USA, that are MTBE-degrading - MTBE-AKS1 (Arthur Kill Sulfidogenic replicate 1) MetaG metagenome"	5/4/17	ILLUMINA	91723089	27700372878	40.58	-74.01						Atlantic Ocean	12/18/14								sediment										90	35.03		SRA	302	No
6991	SRR5560800	SRX2823902	SRS2200502	385762		"Metagenome of Black smoker hydrothermal vent sediment from the Guaymas Basin, Mid-Atlantic Ridge, South Atlantic Ocean"	5/15/17	ILLUMINA	152527434	38131858500	-15.16	-13.35	2770					Atlantic Ocean		"marine hydrothermal vent,ocean"		"cut,ocean"					sediment							"black smoker,hydrothermal vent"			88	35.06		SRA	250	No
6992	SRR5560801	SRX2823901	SRS2200501	385762		"Metagenome of Black smoker hydrothermal vent sediment from the Guaymas Basin, Mid-Atlantic Ridge, South Atlantic Ocean"	5/15/17	ILLUMINA	121373849	30343462250	-15.16	-13.35	2730					Atlantic Ocean		"marine hydrothermal vent,ocean"		"cut,ocean"					sediment							"black smoker,hydrothermal vent"			89	35.1		SRA	250	No
7785	SRR5808805	SRX2987411	SRS2339554	390775		Chandeleur Islands 2015 Metagenome	7/6/17	ILLUMINA	7556036	2281922872	29.8628	-88.8412						Atlantic Ocean	8/14/15								sediment										87	37.38		SRA	302	No
7786	SRR5808806	SRX2987410	SRS2339553	390775		Chandeleur Islands 2015 Metagenome	7/6/17	ILLUMINA	9656266	2916192332	29.8628	-88.8412						Atlantic Ocean	8/14/15								sediment										88	37.61		SRA	302	No
7787	SRR5808807	SRX2987409	SRS2339552	390775		Chandeleur Islands 2015 Metagenome	7/6/17	ILLUMINA	7014686	2118435172	29.8628	-88.8412						Atlantic Ocean	8/14/15								sediment										87	37.4		SRA	302	No
7788	SRR5808808	SRX2987408	SRS2339551	390775		Chandeleur Islands 2015 Metagenome	7/6/17	ILLUMINA	9103785	2749343070	29.8628	-88.8412						Atlantic Ocean	8/14/15								sediment										89	37.88		SRA	302	No
7789	SRR5808809	SRX2987407	SRS2339550	390775		Chandeleur Islands 2015 Metagenome	7/6/17	ILLUMINA	7583048	2290080496	29.8628	-88.8412						Atlantic Ocean	8/14/15								sediment										88	37.53		SRA	302	No
7790	SRR5808810	SRX2987406	SRS2339549	390775		Chandeleur Islands 2015 Metagenome	7/6/17	ILLUMINA	5901969	1782394638	29.8628	-88.8412						Atlantic Ocean	8/14/15								sediment										88	37.52		SRA	302	No
7791	SRR5808811	SRX2987405	SRS2339547	390775		Chandeleur Islands 2015 Metagenome	7/6/17	ILLUMINA	10173918	3072523236	29.8628	-88.8412						Atlantic Ocean	8/14/15								sediment										88	37.7		SRA	302	No
7792	SRR5808812	SRX2987404	SRS2339548	390775		Chandeleur Islands 2015 Metagenome	7/6/17	ILLUMINA	12481554	3769429308	29.8628	-88.8412						Atlantic Ocean	8/14/15								sediment										88	37.67		SRA	302	No
7793	SRR5808813	SRX2987403	SRS2339546	390775		Chandeleur Islands 2015 Metagenome	7/6/17	ILLUMINA	11624987	3510746074	29.8628	-88.8412						Atlantic Ocean	8/14/15								sediment										88	37.64		SRA	302	No
7794	SRR5808814	SRX2987402	SRS2339545	390775		Chandeleur Islands 2015 Metagenome	7/6/17	ILLUMINA	6928158	2092303716	29.8628	-88.8412						Atlantic Ocean	8/14/15								sediment										88	37.7		SRA	302	No
7795	SRR5808815	SRX2987401	SRS2339544	390775		Chandeleur Islands 2015 Metagenome	7/6/17	ILLUMINA	5115542	1544893684	29.8628	-88.8412	0.035					Atlantic Ocean	7/9/15								sediment										89	37.72		SRA	302	No
7796	SRR5808816	SRX2987400	SRS2339543	390775		Chandeleur Islands 2015 Metagenome	7/6/17	ILLUMINA	4039856	1220036512	29.8628	-88.8412	0.035					Atlantic Ocean	7/9/15								sediment										89	37.89		SRA	302	No
7797	SRR5808817	SRX2987399	SRS2339542	390775		Chandeleur Islands 2015 Metagenome	7/6/17	ILLUMINA	5419789	1636776278	29.8628	-88.8412	0.035					Atlantic Ocean	7/9/15								sediment										88	37.71		SRA	302	No
7798	SRR5808818	SRX2987398	SRS2339541	390775		Chandeleur Islands 2015 Metagenome	7/6/17	ILLUMINA	4550429	1374229558	29.8628	-88.8412	0.035					Atlantic Ocean	7/9/15								sediment										88	37.42		SRA	302	No
7799	SRR5808819	SRX2987397	SRS2339540	390775		Chandeleur Islands 2015 Metagenome	7/6/17	ILLUMINA	4635284	1399855768	29.8628	-88.8412	0.035					Atlantic Ocean	7/9/15								sediment										89	37.89		SRA	302	No
7800	SRR5808820	SRX2987396	SRS2339539	390775		Chandeleur Islands 2015 Metagenome	7/6/17	ILLUMINA	4862097	1468353294	29.8628	-88.8412	0.035					Atlantic Ocean	7/9/15								sediment										89	37.9		SRA	302	No
7801	SRR5808821	SRX2987395	SRS2339538	390775		Chandeleur Islands 2015 Metagenome	7/6/17	ILLUMINA	9476899	2862023498	29.8628	-88.8412	0.035					Atlantic Ocean	7/9/15								sediment										89	37.91		SRA	302	No
7802	SRR5808822	SRX2987394	SRS2339537	390775		Chandeleur Islands 2015 Metagenome	7/6/17	ILLUMINA	6689803	2020320506	29.8628	-88.8412	0.035					Atlantic Ocean	7/9/15								sediment										89	37.77		SRA	302	No
7803	SRR5808823	SRX2987393	SRS2339536	390775		Chandeleur Islands 2015 Metagenome	7/6/17	ILLUMINA	15307090	4622741180	29.8628	-88.8412	0.035					Atlantic Ocean	7/9/15								sediment										88	37.56		SRA	302	No
7804	SRR5808824	SRX2987392	SRS2339535	390775		Chandeleur Islands 2015 Metagenome	7/6/17	ILLUMINA	10859209	3279481118	29.8628	-88.8412	0.035					Atlantic Ocean	7/9/15								sediment										88	37.46		SRA	302	No
7805	SRR5808825	SRX2987391	SRS2339534	390775		Chandeleur Islands 2015 Metagenome	7/6/17	ILLUMINA	4318011	1304039322	29.8628	-88.8412	0.035					Atlantic Ocean	9/9/15								sediment										88	37.6		SRA	302	No
7806	SRR5808826	SRX2987390	SRS2339533	390775		Chandeleur Islands 2015 Metagenome	7/6/17	ILLUMINA	8335154	2517216508	29.8628	-88.8412	0.035					Atlantic Ocean	9/9/15								sediment										87	37.37		SRA	302	No
7807	SRR5808827	SRX2987389	SRS2339532	390775		Chandeleur Islands 2015 Metagenome	7/6/17	ILLUMINA	7846563	2369662026	29.8628	-88.8412	0.035					Atlantic Ocean	9/9/15								sediment										86	36.96		SRA	302	No
7808	SRR5808828	SRX2987388	SRS2339531	390775		Chandeleur Islands 2015 Metagenome	7/6/17	ILLUMINA	10043337	3033087774	29.8628	-88.8412	0.035					Atlantic Ocean	9/9/15								sediment										89	37.77		SRA	302	No
7809	SRR5808829	SRX2987387	SRS2339530	390775		Chandeleur Islands 2015 Metagenome	7/6/17	ILLUMINA	5305140	1602152280	29.8628	-88.8412						Atlantic Ocean	9/9/15								sediment										88	37.67		SRA	302	No
7810	SRR5808830	SRX2987386	SRS2339529	390775		Chandeleur Islands 2015 Metagenome	7/6/17	ILLUMINA	4749716	1434414232	29.8628	-88.8412						Atlantic Ocean	9/9/15								sediment										89	37.88		SRA	302	No
7811	SRR5808831	SRX2987385	SRS2339528	390775		Chandeleur Islands 2015 Metagenome	7/6/17	ILLUMINA	4431516	1338317832	29.8628	-88.8412						Atlantic Ocean	9/9/15								sediment										88	37.56		SRA	302	No
7812	SRR5808832	SRX2987384	SRS2339527	390775		Chandeleur Islands 2015 Metagenome	7/6/17	ILLUMINA	3679021	1111064342	29.8628	-88.8412						Atlantic Ocean	9/9/15								sediment										88	37.63		SRA	302	No
7813	SRR5808833	SRX2987383	SRS2339526	390775		Chandeleur Islands 2015 Metagenome	7/6/17	ILLUMINA	5143030	1553195060	29.8628	-88.8412						Atlantic Ocean	9/9/15								sediment										88	37.63		SRA	302	No
7814	SRR5808834	SRX2987382	SRS2339525	390775		Chandeleur Islands 2015 Metagenome	7/6/17	ILLUMINA	5182152	1565009904	29.8628	-88.8412						Atlantic Ocean	9/9/15								sediment										89	37.8		SRA	302	No
8005	SRR6015035	SRX3168036	SRS2498091	324597		Hydrogenases from tidal surface sediment	9/7/17	ILLUMINA	19825	3964886	53.7367	7.6989						North Sea	4/24/13			sea					"marine sediment,sediment"										88	34.14		SRA	200	No
8006	SRR6015036	SRX3168035	SRS2498091	324597		Hydrogenases from tidal surface sediment	9/7/17	ILLUMINA	248996	49797321	53.7367	7.6989						North Sea	4/24/13			sea					"marine sediment,sediment"										88	34.4		SRA	200	No
8021	SRR6048342	SRX3195285	SRS2522574			"Enrichment culture microbial communities om Arthur Kill intertidal strait, New Jersey, USA, that are MTBE-degrading - MTBE-AKS2 (Arthur Kill Sulfidogenic replicate 2) MetaG metagenome"	9/18/17	ILLUMINA	97525501	29452701302	40.58	-74.2						Atlantic Ocean	1/13/15								sediment										92	35.52		SRA	302	No
8039	SRR6056555	SRX3203371	SRS2529734			Deep subsurface microbial communities from South Pacific Ocean to uncover new lineages of life (NeLLi) - Chile_00310 metaG metagenome	9/21/17	ILLUMINA	91951240	27769274480	-44.283	-75.865						Pacific Ocean	5/6/01	ocean		ocean					sediment										92	35.66		SRA	302	No
8040	SRR6056591	SRX3203407	SRS2529770			Deep subsurface microbial communities from Aarhus Bay to uncover new lineages of life (NeLLi) - Aarhus_00045 metaG metagenome	9/21/17	ILLUMINA	114019691	34433946682	56.103	10.458						North Sea	5/19/09			bay					sediment										89	34.86		SRA	302	No
8041	SRR6056592	SRX3203408	SRS2529771	405469		"Deep subsurface microbial communities from Anholt, Denmark to uncover new lineages of life (NeLLi) - Anholt_01485 metaG metagenome"	9/21/17	ILLUMINA	79955993	24146709886	56.62	11.67						North Sea	9/29/13								sediment										92	35.35		SRA	302	No
8045	SRR6057435	SRX3203976	SRS2530291			Deep subsurface microbial communities from Kermadec Trench to uncover new lineages of life (NeLLi) - N074 metaG metagenome	9/21/17	ILLUMINA	103932460	31387602920	-34.3456	-178.1771						Pacific Ocean	5/6/14	ocean		ocean					sediment										92	35.6		SRA	302	No
8046	SRR6057436	SRX3203977	SRS2530292			Deep subsurface microbial communities from Mariana Trench to uncover new lineages of life (NeLLi) - CR04 metaG metagenome	9/21/17	ILLUMINA	103644384	31300603968	12.4764	144.8648						Pacific Ocean	11/19/14	ocean		ocean					sediment										89	34.98		SRA	302	No
8047	SRR6057749	SRX3204062	SRS2530373			Deep subsurface microbial communities from Kermadec Trench to uncover new lineages of life (NeLLi) - N075 metaG metagenome	9/21/17	ILLUMINA	107419326	32440636452	-32.8507	-177.6629						Pacific Ocean	5/9/14	ocean		ocean					sediment										89	34.9		SRA	302	No
8048	SRR6058386	SRX3204450	SRS2530616			"Methane seep sediment microbial communities from Hydrate Ridge, Oregon to study methane oxidation - BONCAT_CE_3730-ConsE01UF metagenome"	9/21/17	ILLUMINA	10015250	3024605500	44.5692	-125.1539						Pacific Ocean	6/19/15	seep							sediment						seep				87	33.23		SRA	302	No
8049	SRR6058404	SRX3204468	SRS2530618			"Methane seep sediment microbial communities from Hydrate Ridge, Oregon to study methane oxidation - BONCAT_CE_3730-ConsD02UF metagenome"	9/21/17	ILLUMINA	7986404	2411894008	44.5692	-125.1539						Pacific Ocean	6/19/15	seep							sediment						seep				84	32.55		SRA	302	No
8050	SRR6058405	SRX3204469	SRS2530619			"Methane seep sediment microbial communities from Hydrate Ridge, Oregon to study methane oxidation - BONCAT_CE_3730-ConsD10UF metagenome"	9/21/17	ILLUMINA	7952058	2401521516	44.5692	-125.1539						Pacific Ocean	6/19/15	seep							sediment						seep				87	33.24		SRA	302	No
8051	SRR6058406	SRX3204470	SRS2530620			"Methane seep sediment microbial communities from Hydrate Ridge, Oregon to study methane oxidation - BONCAT_CE_3730-ConsB06UF metagenome"	9/21/17	ILLUMINA	8703771	2628538842	44.5692	-125.1539						Pacific Ocean	6/19/15	seep							sediment						seep				87	33.26		SRA	302	No
8052	SRR6058436	SRX3204480	SRS2530630			"Methane seep sediment microbial communities from Hydrate Ridge, Oregon to study methane oxidation - BONCAT_CE_3730-MDAH03UF metagenome"	9/21/17	ILLUMINA	8213720	2480543440	44.5692	-125.1539						Pacific Ocean	6/19/15	seep							sediment						seep				87	33.27		SRA	302	No
8053	SRR6059155	SRX3205145	SRS2531146			"Methane seep sediment microbial communities from Hydrate Ridge, Oregon to study methane oxidation - BONCAT_CE_3730-ConsE10-p2 metagenome"	9/22/17	ILLUMINA	4748171	1433947642	44.5692	-125.1539						Pacific Ocean	2/13/15	seep							sediment						seep				84	32.74		SRA	302	No
8342	SRR6478753	SRX3568614	SRS2839677			"Subseafloor sediment microbial communities from Guaymas Basin, Gulf of California, Mexico - Guay2, Core 4569-9, 9-12 cm metagenome"	1/17/18	ILLUMINA	102020980	30810335960	27.0151	-111.3798						Pacific Ocean	11/30/09			sea					sediment										87	34.52		SRA	302	No
8343	SRR6478754	SRX3568615	SRS2839678			"Subseafloor sediment microbial communities from Guaymas Basin, Gulf of California, Mexico - Guay1, Core 4569-9, 0-3 cm metagenome"	1/18/18	ILLUMINA	109653187	33115262474	27.0151	-111.3798						Pacific Ocean	11/30/09			sea					sediment										85	34.16		SRA	302	No
8344	SRR6478866	SRX3568727	SRS2839773			"Subseafloor sediment microbial communities from Guaymas Basin, Gulf of California, Mexico - Guay6, Core 4569-2, 0-3 cm metagenome"	1/18/18	ILLUMINA	93413568	28210897536	27.0151	-111.3798						Pacific Ocean	11/30/09			sea					sediment										90	35.33		SRA	302	No
8345	SRR6478915	SRX3568777	SRS2839821			"Subseafloor sediment microbial communities from Guaymas Basin, Gulf of California, Mexico - Guay4, Core 4569-4, 0-3 cm metagenome"	1/18/18	ILLUMINA	107056738	32331134876	27.0151	-111.3798						Pacific Ocean	11/30/09			sea					sediment										91	35.64		SRA	302	No
8346	SRR6479059	SRX3568919	SRS2839951			"Subseafloor sediment microbial communities from Guaymas Basin, Gulf of California, Mexico - Guay11, Core 4567-28, 0-3 cm metagenome"	1/18/18	ILLUMINA	66642859	20126143418	27.009	-111.4081						Pacific Ocean	11/28/09			sea					sediment										73	30.66		SRA	302	No
8347	SRR6479060	SRX3568920	SRS2839952			"Subseafloor sediment microbial communities from Guaymas Basin, Gulf of California, Mexico - Guay12, Core 4567-28, 21-24 cm metagenome"	1/18/18	ILLUMINA	80154009	24206510718	27.009	-111.4081						Pacific Ocean	11/28/09			sea					sediment										80	32.39		SRA	302	No
8348	SRR6479061	SRX3568921	SRS2839953			"Subseafloor sediment microbial communities from Guaymas Basin, Gulf of California, Mexico - Guay9, Core 4571-4, 0-3 cm metagenome"	1/18/18	ILLUMINA	120802944	36482489088	27.0183	-111.3802						Pacific Ocean	12/2/09			sea					sediment										90	35.39		SRA	302	No
8621	SRR6823439	SRX3779977	SRS3033587			"Subseafloor sediment microbial communities from Guaymas Basin, Gulf of California, Mexico - Guay13, Core 4488-10 , 4-6 cm metagenome"	3/11/18	ILLUMINA	69882094	21104392388	27.0154	-111.3798						Pacific Ocean	12/7/08			sea					sediment										88	34.66		SRA	302	No
8622	SRR6823440	SRX3779978	SRS3033589			"Subseafloor sediment microbial communities from Guaymas Basin, Gulf of California, Mexico - Guay15, Core 4569-2, 21-24 cm metagenome"	3/11/18	ILLUMINA	137478163	41518405226	27.0154	-111.3798						Pacific Ocean	11/30/09			sea					sediment										80	32.39		SRA	302	No
8623	SRR6823441	SRX3779979	SRS3033588			"Subseafloor sediment microbial communities from Guaymas Basin, Gulf of California, Mexico - Guay16, Core 4569-2, 12-15 cm metagenome"	3/11/18	ILLUMINA	113323983	34223842866	27.0154	-111.3798						Pacific Ocean	11/30/09			sea					sediment										86	34.36		SRA	302	No
8624	SRR6823442	SRX3779980	SRS3033590			"Subseafloor sediment microbial communities from Guaymas Basin, Gulf of California, Mexico - Guay17, Core 4571-4, 12-15 cm metagenome"	3/11/18	ILLUMINA	118149919	35681275538	27.0154	-111.3798						Pacific Ocean	12/2/09			sea					sediment										84	33.68		SRA	302	No